sample,r1_path,r2_path
3550-097-0-1,data/OG3550P2-209261052/FASTQ_Generation_2020-11-09_21_26_03Z-339796457/3550-097-0-1_L001-ds.b11339737a254dd9aac0f509ebde3437/3550-097-0-1_S1_L001_R1_001.fastq.gz,data/OG3550P2-209261052/FASTQ_Generation_2020-11-09_21_26_03Z-339796457/3550-097-0-1_L001-ds.b11339737a254dd9aac0f509ebde3437/3550-097-0-1_S1_L001_R2_001.fastq.gz
3550-098-0-1,data/OG3550P2-209261052/FASTQ_Generation_2020-11-09_21_26_03Z-339796457/3550-098-0-1_L001-ds.81403738ef3046ee8243ab63901d0070/3550-098-0-1_S2_L001_R1_001.fastq.gz,data/OG3550P2-209261052/FASTQ_Generation_2020-11-09_21_26_03Z-339796457/3550-098-0-1_L001-ds.81403738ef3046ee8243ab63901d0070/3550-098-0-1_S2_L001_R2_001.fastq.gz
3550-099-0-1,data/OG3550P2-209261052/FASTQ_Generation_2020-11-09_21_26_03Z-339796457/3550-099-0-1_L001-ds.d93a6aeeb0364f6791eb7e4322d4e89d/3550-099-0-1_S3_L001_R1_001.fastq.gz,data/OG3550P2-209261052/FASTQ_Generation_2020-11-09_21_26_03Z-339796457/3550-099-0-1_L001-ds.d93a6aeeb0364f6791eb7e4322d4e89d/3550-099-0-1_S3_L001_R2_001.fastq.gz
3550-100-0-1,data/OG3550P2-209261052/FASTQ_Generation_2020-11-09_21_26_03Z-339796457/3550-100-0-1_L001-ds.6e7155d2df7c49f2b1001805e770b654/3550-100-0-1_S4_L001_R1_001.fastq.gz,data/OG3550P2-209261052/FASTQ_Generation_2020-11-09_21_26_03Z-339796457/3550-100-0-1_L001-ds.6e7155d2df7c49f2b1001805e770b654/3550-100-0-1_S4_L001_R2_001.fastq.gz
3550-101-0-1,data/OG3550P2-209261052/FASTQ_Generation_2020-11-09_21_26_03Z-339796457/3550-101-0-1_L001-ds.6846d97449674ddf9eabec246f04a2fe/3550-101-0-1_S5_L001_R1_001.fastq.gz,data/OG3550P2-209261052/FASTQ_Generation_2020-11-09_21_26_03Z-339796457/3550-101-0-1_L001-ds.6846d97449674ddf9eabec246f04a2fe/3550-101-0-1_S5_L001_R2_001.fastq.gz
3550-102-0-1,data/OG3550P2-209261052/FASTQ_Generation_2020-11-09_21_26_03Z-339796457/3550-102-0-1_L001-ds.7c6b6ae29e92428689f8d4f8e44da4ae/3550-102-0-1_S6_L001_R1_001.fastq.gz,data/OG3550P2-209261052/FASTQ_Generation_2020-11-09_21_26_03Z-339796457/3550-102-0-1_L001-ds.7c6b6ae29e92428689f8d4f8e44da4ae/3550-102-0-1_S6_L001_R2_001.fastq.gz
3550-103-0-1,data/OG3550P2-209261052/FASTQ_Generation_2020-11-09_21_26_03Z-339796457/3550-103-0-1_L001-ds.6495444fa358410abf9fe52bf00d8b85/3550-103-0-1_S7_L001_R1_001.fastq.gz,data/OG3550P2-209261052/FASTQ_Generation_2020-11-09_21_26_03Z-339796457/3550-103-0-1_L001-ds.6495444fa358410abf9fe52bf00d8b85/3550-103-0-1_S7_L001_R2_001.fastq.gz
3550-104-0-1,data/OG3550P2-209261052/FASTQ_Generation_2020-11-09_21_26_03Z-339796457/3550-104-0-1_L001-ds.674df5c2c13a42ef8aa28c62ebc53fb7/3550-104-0-1_S8_L001_R1_001.fastq.gz,data/OG3550P2-209261052/FASTQ_Generation_2020-11-09_21_26_03Z-339796457/3550-104-0-1_L001-ds.674df5c2c13a42ef8aa28c62ebc53fb7/3550-104-0-1_S8_L001_R2_001.fastq.gz
3550-105-0-1,data/OG3550P2-209261052/FASTQ_Generation_2020-11-09_21_26_03Z-339796457/3550-105-0-1_L001-ds.1d1d9c5d1c244d8cba6bf9f320610f79/3550-105-0-1_S9_L001_R1_001.fastq.gz,data/OG3550P2-209261052/FASTQ_Generation_2020-11-09_21_26_03Z-339796457/3550-105-0-1_L001-ds.1d1d9c5d1c244d8cba6bf9f320610f79/3550-105-0-1_S9_L001_R2_001.fastq.gz
3550-106-0-1,data/OG3550P2-209261052/FASTQ_Generation_2020-11-09_21_26_03Z-339796457/3550-106-0-1_L001-ds.eec2253888de485ab4a760f651d6636d/3550-106-0-1_S10_L001_R1_001.fastq.gz,data/OG3550P2-209261052/FASTQ_Generation_2020-11-09_21_26_03Z-339796457/3550-106-0-1_L001-ds.eec2253888de485ab4a760f651d6636d/3550-106-0-1_S10_L001_R2_001.fastq.gz
3550-107-0-1,data/OG3550P2-209261052/FASTQ_Generation_2020-11-09_21_26_03Z-339796457/3550-107-0-1_L001-ds.3180fda937d94ad49a001c8ca4388bae/3550-107-0-1_S11_L001_R1_001.fastq.gz,data/OG3550P2-209261052/FASTQ_Generation_2020-11-09_21_26_03Z-339796457/3550-107-0-1_L001-ds.3180fda937d94ad49a001c8ca4388bae/3550-107-0-1_S11_L001_R2_001.fastq.gz
3550-108-0-1,data/OG3550P2-209261052/FASTQ_Generation_2020-11-09_21_26_03Z-339796457/3550-108-0-1_L001-ds.ff9d5ffae9e04da1a337163ee9f0693f/3550-108-0-1_S12_L001_R1_001.fastq.gz,data/OG3550P2-209261052/FASTQ_Generation_2020-11-09_21_26_03Z-339796457/3550-108-0-1_L001-ds.ff9d5ffae9e04da1a337163ee9f0693f/3550-108-0-1_S12_L001_R2_001.fastq.gz
3550-109-0-1,data/OG3550P2-209261052/FASTQ_Generation_2020-11-09_21_26_03Z-339796457/3550-109-0-1_L001-ds.761f4903de644595bda5d633f5946d48/3550-109-0-1_S13_L001_R1_001.fastq.gz,data/OG3550P2-209261052/FASTQ_Generation_2020-11-09_21_26_03Z-339796457/3550-109-0-1_L001-ds.761f4903de644595bda5d633f5946d48/3550-109-0-1_S13_L001_R2_001.fastq.gz
3550-110-0-1,data/OG3550P2-209261052/FASTQ_Generation_2020-11-09_21_26_03Z-339796457/3550-110-0-1_L001-ds.030bd9acc0774d6486d677d22c88138f/3550-110-0-1_S14_L001_R1_001.fastq.gz,data/OG3550P2-209261052/FASTQ_Generation_2020-11-09_21_26_03Z-339796457/3550-110-0-1_L001-ds.030bd9acc0774d6486d677d22c88138f/3550-110-0-1_S14_L001_R2_001.fastq.gz
3550-111-0-1,data/OG3550P2-209261052/FASTQ_Generation_2020-11-09_21_26_03Z-339796457/3550-111-0-1_L001-ds.878cd774c15b4ac3bdc3774509480d65/3550-111-0-1_S15_L001_R1_001.fastq.gz,data/OG3550P2-209261052/FASTQ_Generation_2020-11-09_21_26_03Z-339796457/3550-111-0-1_L001-ds.878cd774c15b4ac3bdc3774509480d65/3550-111-0-1_S15_L001_R2_001.fastq.gz
3550-112-0-1,data/OG3550P2-209261052/FASTQ_Generation_2020-11-09_21_26_03Z-339796457/3550-112-0-1_L001-ds.abc357ce3ed64d7bbad40fca9fbd4ca4/3550-112-0-1_S16_L001_R1_001.fastq.gz,data/OG3550P2-209261052/FASTQ_Generation_2020-11-09_21_26_03Z-339796457/3550-112-0-1_L001-ds.abc357ce3ed64d7bbad40fca9fbd4ca4/3550-112-0-1_S16_L001_R2_001.fastq.gz
3550-113-0-1,data/OG3550P2-209261052/FASTQ_Generation_2020-11-09_21_26_03Z-339796457/3550-113-0-1_L001-ds.b3ae34d6392445688f67450734b29d2c/3550-113-0-1_S17_L001_R1_001.fastq.gz,data/OG3550P2-209261052/FASTQ_Generation_2020-11-09_21_26_03Z-339796457/3550-113-0-1_L001-ds.b3ae34d6392445688f67450734b29d2c/3550-113-0-1_S17_L001_R2_001.fastq.gz
3550-114-0-1,data/OG3550P2-209261052/FASTQ_Generation_2020-11-09_21_26_03Z-339796457/3550-114-0-1_L001-ds.20730481f0fc489db8585fda3ea73a33/3550-114-0-1_S18_L001_R1_001.fastq.gz,data/OG3550P2-209261052/FASTQ_Generation_2020-11-09_21_26_03Z-339796457/3550-114-0-1_L001-ds.20730481f0fc489db8585fda3ea73a33/3550-114-0-1_S18_L001_R2_001.fastq.gz
3550-115-0-1,data/OG3550P2-209261052/FASTQ_Generation_2020-11-09_21_26_03Z-339796457/3550-115-0-1_L001-ds.69f866e521944f99b9e5a03f9c8f1ccb/3550-115-0-1_S19_L001_R1_001.fastq.gz,data/OG3550P2-209261052/FASTQ_Generation_2020-11-09_21_26_03Z-339796457/3550-115-0-1_L001-ds.69f866e521944f99b9e5a03f9c8f1ccb/3550-115-0-1_S19_L001_R2_001.fastq.gz
3550-116-0-1,data/OG3550P2-209261052/FASTQ_Generation_2020-11-09_21_26_03Z-339796457/3550-116-0-1_L001-ds.abf609950dfa46459823ef9081cbdb5d/3550-116-0-1_S20_L001_R1_001.fastq.gz,data/OG3550P2-209261052/FASTQ_Generation_2020-11-09_21_26_03Z-339796457/3550-116-0-1_L001-ds.abf609950dfa46459823ef9081cbdb5d/3550-116-0-1_S20_L001_R2_001.fastq.gz
3550-117-0-1,data/OG3550P2-209261052/FASTQ_Generation_2020-11-09_21_26_03Z-339796457/3550-117-0-1_L001-ds.47bf41846d10497a96ac7ed7cc64562c/3550-117-0-1_S21_L001_R1_001.fastq.gz,data/OG3550P2-209261052/FASTQ_Generation_2020-11-09_21_26_03Z-339796457/3550-117-0-1_L001-ds.47bf41846d10497a96ac7ed7cc64562c/3550-117-0-1_S21_L001_R2_001.fastq.gz
3550-118-0-1,data/OG3550P2-209261052/FASTQ_Generation_2020-11-09_21_26_03Z-339796457/3550-118-0-1_L001-ds.62eccb0d216d4edf88da62c3c3c72934/3550-118-0-1_S22_L001_R1_001.fastq.gz,data/OG3550P2-209261052/FASTQ_Generation_2020-11-09_21_26_03Z-339796457/3550-118-0-1_L001-ds.62eccb0d216d4edf88da62c3c3c72934/3550-118-0-1_S22_L001_R2_001.fastq.gz
3550-119-0-1,data/OG3550P2-209261052/FASTQ_Generation_2020-11-09_21_26_03Z-339796457/3550-119-0-1_L001-ds.df934f5ccdad44c791de42954c838481/3550-119-0-1_S23_L001_R1_001.fastq.gz,data/OG3550P2-209261052/FASTQ_Generation_2020-11-09_21_26_03Z-339796457/3550-119-0-1_L001-ds.df934f5ccdad44c791de42954c838481/3550-119-0-1_S23_L001_R2_001.fastq.gz
3550-120-0-1,data/OG3550P2-209261052/FASTQ_Generation_2020-11-09_21_26_03Z-339796457/3550-120-0-1_L001-ds.fc6a9c118fa54478abe4657a819d59e8/3550-120-0-1_S24_L001_R1_001.fastq.gz,data/OG3550P2-209261052/FASTQ_Generation_2020-11-09_21_26_03Z-339796457/3550-120-0-1_L001-ds.fc6a9c118fa54478abe4657a819d59e8/3550-120-0-1_S24_L001_R2_001.fastq.gz
3550-121-0-1,data/OG3550P2-209261052/FASTQ_Generation_2020-11-09_21_26_03Z-339796457/3550-121-0-1_L001-ds.36952f5340af4217b610df8d801bfcbc/3550-121-0-1_S25_L001_R1_001.fastq.gz,data/OG3550P2-209261052/FASTQ_Generation_2020-11-09_21_26_03Z-339796457/3550-121-0-1_L001-ds.36952f5340af4217b610df8d801bfcbc/3550-121-0-1_S25_L001_R2_001.fastq.gz
3550-122-0-1,data/OG3550P2-209261052/FASTQ_Generation_2020-11-09_21_26_03Z-339796457/3550-122-0-1_L001-ds.0248ef92296a4fcb883a7b7ee024f7fc/3550-122-0-1_S26_L001_R1_001.fastq.gz,data/OG3550P2-209261052/FASTQ_Generation_2020-11-09_21_26_03Z-339796457/3550-122-0-1_L001-ds.0248ef92296a4fcb883a7b7ee024f7fc/3550-122-0-1_S26_L001_R2_001.fastq.gz
3550-123-0-1,data/OG3550P2-209261052/FASTQ_Generation_2020-11-09_21_26_03Z-339796457/3550-123-0-1_L001-ds.f39dc420348c44e6a56e497fd20a9469/3550-123-0-1_S27_L001_R1_001.fastq.gz,data/OG3550P2-209261052/FASTQ_Generation_2020-11-09_21_26_03Z-339796457/3550-123-0-1_L001-ds.f39dc420348c44e6a56e497fd20a9469/3550-123-0-1_S27_L001_R2_001.fastq.gz
3550-124-0-1,data/OG3550P2-209261052/FASTQ_Generation_2020-11-09_21_26_03Z-339796457/3550-124-0-1_L001-ds.6d40c9f52aec44a5bf6adbd54fe5c2e4/3550-124-0-1_S28_L001_R1_001.fastq.gz,data/OG3550P2-209261052/FASTQ_Generation_2020-11-09_21_26_03Z-339796457/3550-124-0-1_L001-ds.6d40c9f52aec44a5bf6adbd54fe5c2e4/3550-124-0-1_S28_L001_R2_001.fastq.gz
3550-125-0-1,data/OG3550P2-209261052/FASTQ_Generation_2020-11-09_21_26_03Z-339796457/3550-125-0-1_L001-ds.167afa58b67d4d5cb2c3961c62ddf224/3550-125-0-1_S29_L001_R1_001.fastq.gz,data/OG3550P2-209261052/FASTQ_Generation_2020-11-09_21_26_03Z-339796457/3550-125-0-1_L001-ds.167afa58b67d4d5cb2c3961c62ddf224/3550-125-0-1_S29_L001_R2_001.fastq.gz
3550-126-0-1,data/OG3550P2-209261052/FASTQ_Generation_2020-11-09_21_26_03Z-339796457/3550-126-0-1_L001-ds.62eb18524f8f4b4a9e3299a593f730ca/3550-126-0-1_S30_L001_R1_001.fastq.gz,data/OG3550P2-209261052/FASTQ_Generation_2020-11-09_21_26_03Z-339796457/3550-126-0-1_L001-ds.62eb18524f8f4b4a9e3299a593f730ca/3550-126-0-1_S30_L001_R2_001.fastq.gz
3550-127-0-1,data/OG3550P2-209261052/FASTQ_Generation_2020-11-09_21_26_03Z-339796457/3550-127-0-1_L001-ds.fac5bb4666114a26a538de8998bbfe7c/3550-127-0-1_S31_L001_R1_001.fastq.gz,data/OG3550P2-209261052/FASTQ_Generation_2020-11-09_21_26_03Z-339796457/3550-127-0-1_L001-ds.fac5bb4666114a26a538de8998bbfe7c/3550-127-0-1_S31_L001_R2_001.fastq.gz
3550-128-0-1,data/OG3550P2-209261052/FASTQ_Generation_2020-11-09_21_26_03Z-339796457/3550-128-0-1_L001-ds.0735047915b8498b836c9984a006c291/3550-128-0-1_S32_L001_R1_001.fastq.gz,data/OG3550P2-209261052/FASTQ_Generation_2020-11-09_21_26_03Z-339796457/3550-128-0-1_L001-ds.0735047915b8498b836c9984a006c291/3550-128-0-1_S32_L001_R2_001.fastq.gz
3550-129-0-1,data/OG3550P2-209261052/FASTQ_Generation_2020-11-09_21_26_03Z-339796457/3550-129-0-1_L001-ds.873a1c0e00fa471b9be51f8a402914b1/3550-129-0-1_S33_L001_R1_001.fastq.gz,data/OG3550P2-209261052/FASTQ_Generation_2020-11-09_21_26_03Z-339796457/3550-129-0-1_L001-ds.873a1c0e00fa471b9be51f8a402914b1/3550-129-0-1_S33_L001_R2_001.fastq.gz
3550-130-0-1,data/OG3550P2-209261052/FASTQ_Generation_2020-11-09_21_26_03Z-339796457/3550-130-0-1_L001-ds.b057faaa953841a38332b72ad9704bac/3550-130-0-1_S34_L001_R1_001.fastq.gz,data/OG3550P2-209261052/FASTQ_Generation_2020-11-09_21_26_03Z-339796457/3550-130-0-1_L001-ds.b057faaa953841a38332b72ad9704bac/3550-130-0-1_S34_L001_R2_001.fastq.gz
3550-131-0-1,data/OG3550P2-209261052/FASTQ_Generation_2020-11-09_21_26_03Z-339796457/3550-131-0-1_L001-ds.9b73c08acb1146188888210a5a8d5d1b/3550-131-0-1_S35_L001_R1_001.fastq.gz,data/OG3550P2-209261052/FASTQ_Generation_2020-11-09_21_26_03Z-339796457/3550-131-0-1_L001-ds.9b73c08acb1146188888210a5a8d5d1b/3550-131-0-1_S35_L001_R2_001.fastq.gz
3550-132-0-1,data/OG3550P2-209261052/FASTQ_Generation_2020-11-09_21_26_03Z-339796457/3550-132-0-1_L001-ds.92b03badc9e8403f943cac3052ab8579/3550-132-0-1_S36_L001_R1_001.fastq.gz,data/OG3550P2-209261052/FASTQ_Generation_2020-11-09_21_26_03Z-339796457/3550-132-0-1_L001-ds.92b03badc9e8403f943cac3052ab8579/3550-132-0-1_S36_L001_R2_001.fastq.gz
3550-133-0-1,data/OG3550P2-209261052/FASTQ_Generation_2020-11-09_21_26_03Z-339796457/3550-133-0-1_L001-ds.9d39b31243d74f4bb2a7b0bcd79d7c17/3550-133-0-1_S37_L001_R1_001.fastq.gz,data/OG3550P2-209261052/FASTQ_Generation_2020-11-09_21_26_03Z-339796457/3550-133-0-1_L001-ds.9d39b31243d74f4bb2a7b0bcd79d7c17/3550-133-0-1_S37_L001_R2_001.fastq.gz
3550-134-0-1,data/OG3550P2-209261052/FASTQ_Generation_2020-11-09_21_26_03Z-339796457/3550-134-0-1_L001-ds.8116e2f8be614ef1af3e3baaedda5f2d/3550-134-0-1_S38_L001_R1_001.fastq.gz,data/OG3550P2-209261052/FASTQ_Generation_2020-11-09_21_26_03Z-339796457/3550-134-0-1_L001-ds.8116e2f8be614ef1af3e3baaedda5f2d/3550-134-0-1_S38_L001_R2_001.fastq.gz
3550-135-0-1,data/OG3550P2-209261052/FASTQ_Generation_2020-11-09_21_26_03Z-339796457/3550-135-0-1_L001-ds.8d357d33119646e98789b153cdb6442d/3550-135-0-1_S39_L001_R1_001.fastq.gz,data/OG3550P2-209261052/FASTQ_Generation_2020-11-09_21_26_03Z-339796457/3550-135-0-1_L001-ds.8d357d33119646e98789b153cdb6442d/3550-135-0-1_S39_L001_R2_001.fastq.gz
3550-136-0-1,data/OG3550P2-209261052/FASTQ_Generation_2020-11-09_21_26_03Z-339796457/3550-136-0-1_L001-ds.be033269d08d479abfc1b503398d7bb6/3550-136-0-1_S40_L001_R1_001.fastq.gz,data/OG3550P2-209261052/FASTQ_Generation_2020-11-09_21_26_03Z-339796457/3550-136-0-1_L001-ds.be033269d08d479abfc1b503398d7bb6/3550-136-0-1_S40_L001_R2_001.fastq.gz
3550-137-0-1,data/OG3550P2-209261052/FASTQ_Generation_2020-11-09_21_26_03Z-339796457/3550-137-0-1_L001-ds.8a5911af03f24fb586b2cbdb0d68c07f/3550-137-0-1_S41_L001_R1_001.fastq.gz,data/OG3550P2-209261052/FASTQ_Generation_2020-11-09_21_26_03Z-339796457/3550-137-0-1_L001-ds.8a5911af03f24fb586b2cbdb0d68c07f/3550-137-0-1_S41_L001_R2_001.fastq.gz
3550-138-0-1,data/OG3550P2-209261052/FASTQ_Generation_2020-11-09_21_26_03Z-339796457/3550-138-0-1_L001-ds.53e73589a471470b9ec9ae212460270f/3550-138-0-1_S42_L001_R1_001.fastq.gz,data/OG3550P2-209261052/FASTQ_Generation_2020-11-09_21_26_03Z-339796457/3550-138-0-1_L001-ds.53e73589a471470b9ec9ae212460270f/3550-138-0-1_S42_L001_R2_001.fastq.gz
3550-139-0-1,data/OG3550P2-209261052/FASTQ_Generation_2020-11-09_21_26_03Z-339796457/3550-139-0-1_L001-ds.0711c06e2517415ab443a4959e028b08/3550-139-0-1_S43_L001_R1_001.fastq.gz,data/OG3550P2-209261052/FASTQ_Generation_2020-11-09_21_26_03Z-339796457/3550-139-0-1_L001-ds.0711c06e2517415ab443a4959e028b08/3550-139-0-1_S43_L001_R2_001.fastq.gz
3550-140-0-1,data/OG3550P2-209261052/FASTQ_Generation_2020-11-09_21_26_03Z-339796457/3550-140-0-1_L001-ds.d6569aefd1344eb389c7fa556d979024/3550-140-0-1_S44_L001_R1_001.fastq.gz,data/OG3550P2-209261052/FASTQ_Generation_2020-11-09_21_26_03Z-339796457/3550-140-0-1_L001-ds.d6569aefd1344eb389c7fa556d979024/3550-140-0-1_S44_L001_R2_001.fastq.gz
3550-141-0-1,data/OG3550P2-209261052/FASTQ_Generation_2020-11-09_21_26_03Z-339796457/3550-141-0-1_L001-ds.5c040d348896490690315cb9a9a406eb/3550-141-0-1_S45_L001_R1_001.fastq.gz,data/OG3550P2-209261052/FASTQ_Generation_2020-11-09_21_26_03Z-339796457/3550-141-0-1_L001-ds.5c040d348896490690315cb9a9a406eb/3550-141-0-1_S45_L001_R2_001.fastq.gz
3550-142-0-1,data/OG3550P2-209261052/FASTQ_Generation_2020-11-09_21_26_03Z-339796457/3550-142-0-1_L001-ds.564833bcb9b94c38961d312a4e5cd7aa/3550-142-0-1_S46_L001_R1_001.fastq.gz,data/OG3550P2-209261052/FASTQ_Generation_2020-11-09_21_26_03Z-339796457/3550-142-0-1_L001-ds.564833bcb9b94c38961d312a4e5cd7aa/3550-142-0-1_S46_L001_R2_001.fastq.gz
3550-143-0-1,data/OG3550P2-209261052/FASTQ_Generation_2020-11-09_21_26_03Z-339796457/3550-143-0-1_L001-ds.5ed075b2b20740a5af9368e91cd2f1ca/3550-143-0-1_S47_L001_R1_001.fastq.gz,data/OG3550P2-209261052/FASTQ_Generation_2020-11-09_21_26_03Z-339796457/3550-143-0-1_L001-ds.5ed075b2b20740a5af9368e91cd2f1ca/3550-143-0-1_S47_L001_R2_001.fastq.gz
3550-144-0-1,data/OG3550P2-209261052/FASTQ_Generation_2020-11-09_21_26_03Z-339796457/3550-144-0-1_L001-ds.eb9e8ffc710d49789bbdbdd71226eca2/3550-144-0-1_S48_L001_R1_001.fastq.gz,data/OG3550P2-209261052/FASTQ_Generation_2020-11-09_21_26_03Z-339796457/3550-144-0-1_L001-ds.eb9e8ffc710d49789bbdbdd71226eca2/3550-144-0-1_S48_L001_R2_001.fastq.gz
3550-145-0-1,data/OG3550P2-209261052/FASTQ_Generation_2020-11-09_21_26_03Z-339796457/3550-145-0-1_L001-ds.0a976c2e6b164efd8f078f40319fb212/3550-145-0-1_S49_L001_R1_001.fastq.gz,data/OG3550P2-209261052/FASTQ_Generation_2020-11-09_21_26_03Z-339796457/3550-145-0-1_L001-ds.0a976c2e6b164efd8f078f40319fb212/3550-145-0-1_S49_L001_R2_001.fastq.gz
3550-146-0-1,data/OG3550P2-209261052/FASTQ_Generation_2020-11-09_21_26_03Z-339796457/3550-146-0-1_L001-ds.43f764c98caa4326aff5aabddb62e468/3550-146-0-1_S50_L001_R1_001.fastq.gz,data/OG3550P2-209261052/FASTQ_Generation_2020-11-09_21_26_03Z-339796457/3550-146-0-1_L001-ds.43f764c98caa4326aff5aabddb62e468/3550-146-0-1_S50_L001_R2_001.fastq.gz
3550-147-0-1,data/OG3550P2-209261052/FASTQ_Generation_2020-11-09_21_26_03Z-339796457/3550-147-0-1_L001-ds.0ec61b2ee3044b86b8183d8f49f3b3c7/3550-147-0-1_S51_L001_R1_001.fastq.gz,data/OG3550P2-209261052/FASTQ_Generation_2020-11-09_21_26_03Z-339796457/3550-147-0-1_L001-ds.0ec61b2ee3044b86b8183d8f49f3b3c7/3550-147-0-1_S51_L001_R2_001.fastq.gz
3550-148-0-1,data/OG3550P2-209261052/FASTQ_Generation_2020-11-09_21_26_03Z-339796457/3550-148-0-1_L001-ds.ccef96a7aca443aabef203eb94191ddc/3550-148-0-1_S52_L001_R1_001.fastq.gz,data/OG3550P2-209261052/FASTQ_Generation_2020-11-09_21_26_03Z-339796457/3550-148-0-1_L001-ds.ccef96a7aca443aabef203eb94191ddc/3550-148-0-1_S52_L001_R2_001.fastq.gz
3550-149-0-1,data/OG3550P2-209261052/FASTQ_Generation_2020-11-09_21_26_03Z-339796457/3550-149-0-1_L001-ds.87e43796693b42879c4c82e211d530a7/3550-149-0-1_S53_L001_R1_001.fastq.gz,data/OG3550P2-209261052/FASTQ_Generation_2020-11-09_21_26_03Z-339796457/3550-149-0-1_L001-ds.87e43796693b42879c4c82e211d530a7/3550-149-0-1_S53_L001_R2_001.fastq.gz
3550-150-0-1,data/OG3550P2-209261052/FASTQ_Generation_2020-11-09_21_26_03Z-339796457/3550-150-0-1_L001-ds.6534f29eebc64d008d25647ab5289f36/3550-150-0-1_S54_L001_R1_001.fastq.gz,data/OG3550P2-209261052/FASTQ_Generation_2020-11-09_21_26_03Z-339796457/3550-150-0-1_L001-ds.6534f29eebc64d008d25647ab5289f36/3550-150-0-1_S54_L001_R2_001.fastq.gz
3550-151-0-1,data/OG3550P2-209261052/FASTQ_Generation_2020-11-09_21_26_03Z-339796457/3550-151-0-1_L001-ds.53383861b16243889eb78fa30f7336e4/3550-151-0-1_S55_L001_R1_001.fastq.gz,data/OG3550P2-209261052/FASTQ_Generation_2020-11-09_21_26_03Z-339796457/3550-151-0-1_L001-ds.53383861b16243889eb78fa30f7336e4/3550-151-0-1_S55_L001_R2_001.fastq.gz
3550-152-0-1,data/OG3550P2-209261052/FASTQ_Generation_2020-11-09_21_26_03Z-339796457/3550-152-0-1_L001-ds.0ec53e183ed74d56b3d75a3b4740a461/3550-152-0-1_S56_L001_R1_001.fastq.gz,data/OG3550P2-209261052/FASTQ_Generation_2020-11-09_21_26_03Z-339796457/3550-152-0-1_L001-ds.0ec53e183ed74d56b3d75a3b4740a461/3550-152-0-1_S56_L001_R2_001.fastq.gz
3550-153-0-1,data/OG3550P2-209261052/FASTQ_Generation_2020-11-09_21_26_03Z-339796457/3550-153-0-1_L001-ds.407e68338813400381b31f98f39fb495/3550-153-0-1_S57_L001_R1_001.fastq.gz,data/OG3550P2-209261052/FASTQ_Generation_2020-11-09_21_26_03Z-339796457/3550-153-0-1_L001-ds.407e68338813400381b31f98f39fb495/3550-153-0-1_S57_L001_R2_001.fastq.gz
3550-154-0-1,data/OG3550P2-209261052/FASTQ_Generation_2020-11-09_21_26_03Z-339796457/3550-154-0-1_L001-ds.798bd6887d7f4456a80e341a801ec510/3550-154-0-1_S58_L001_R1_001.fastq.gz,data/OG3550P2-209261052/FASTQ_Generation_2020-11-09_21_26_03Z-339796457/3550-154-0-1_L001-ds.798bd6887d7f4456a80e341a801ec510/3550-154-0-1_S58_L001_R2_001.fastq.gz
3550-155-0-1,data/OG3550P2-209261052/FASTQ_Generation_2020-11-09_21_26_03Z-339796457/3550-155-0-1_L001-ds.8c467c27002c4d5fae3f3ef683d6555f/3550-155-0-1_S59_L001_R1_001.fastq.gz,data/OG3550P2-209261052/FASTQ_Generation_2020-11-09_21_26_03Z-339796457/3550-155-0-1_L001-ds.8c467c27002c4d5fae3f3ef683d6555f/3550-155-0-1_S59_L001_R2_001.fastq.gz
3550-156-0-1,data/OG3550P2-209261052/FASTQ_Generation_2020-11-09_21_26_03Z-339796457/3550-156-0-1_L001-ds.936401e446f349ddb2127c6826ddd5bb/3550-156-0-1_S60_L001_R1_001.fastq.gz,data/OG3550P2-209261052/FASTQ_Generation_2020-11-09_21_26_03Z-339796457/3550-156-0-1_L001-ds.936401e446f349ddb2127c6826ddd5bb/3550-156-0-1_S60_L001_R2_001.fastq.gz
3550-157-0-1,data/OG3550P2-209261052/FASTQ_Generation_2020-11-09_21_26_03Z-339796457/3550-157-0-1_L001-ds.b716c63ac5a546e1af58ecf71a12426d/3550-157-0-1_S61_L001_R1_001.fastq.gz,data/OG3550P2-209261052/FASTQ_Generation_2020-11-09_21_26_03Z-339796457/3550-157-0-1_L001-ds.b716c63ac5a546e1af58ecf71a12426d/3550-157-0-1_S61_L001_R2_001.fastq.gz
3550-158-0-1,data/OG3550P2-209261052/FASTQ_Generation_2020-11-09_21_26_03Z-339796457/3550-158-0-1_L001-ds.ce8965a7534348d5b804c0db801d6cf8/3550-158-0-1_S62_L001_R1_001.fastq.gz,data/OG3550P2-209261052/FASTQ_Generation_2020-11-09_21_26_03Z-339796457/3550-158-0-1_L001-ds.ce8965a7534348d5b804c0db801d6cf8/3550-158-0-1_S62_L001_R2_001.fastq.gz
3550-159-0-1,data/OG3550P2-209261052/FASTQ_Generation_2020-11-09_21_26_03Z-339796457/3550-159-0-1_L001-ds.9d1b1e7bd87644cda9d53e78452fd459/3550-159-0-1_S63_L001_R1_001.fastq.gz,data/OG3550P2-209261052/FASTQ_Generation_2020-11-09_21_26_03Z-339796457/3550-159-0-1_L001-ds.9d1b1e7bd87644cda9d53e78452fd459/3550-159-0-1_S63_L001_R2_001.fastq.gz
3550-160-0-1,data/OG3550P2-209261052/FASTQ_Generation_2020-11-09_21_26_03Z-339796457/3550-160-0-1_L001-ds.f23ef0b05ccf45419f08d1204bb92a82/3550-160-0-1_S64_L001_R1_001.fastq.gz,data/OG3550P2-209261052/FASTQ_Generation_2020-11-09_21_26_03Z-339796457/3550-160-0-1_L001-ds.f23ef0b05ccf45419f08d1204bb92a82/3550-160-0-1_S64_L001_R2_001.fastq.gz
3550-161-0-1,data/OG3550P2-209261052/FASTQ_Generation_2020-11-09_21_26_03Z-339796457/3550-161-0-1_L001-ds.6f5dd5190871439d87da7525b1f8d9a4/3550-161-0-1_S65_L001_R1_001.fastq.gz,data/OG3550P2-209261052/FASTQ_Generation_2020-11-09_21_26_03Z-339796457/3550-161-0-1_L001-ds.6f5dd5190871439d87da7525b1f8d9a4/3550-161-0-1_S65_L001_R2_001.fastq.gz
3550-162-0-1,data/OG3550P2-209261052/FASTQ_Generation_2020-11-09_21_26_03Z-339796457/3550-162-0-1_L001-ds.8e498a8877ba41a2a63690974f70b176/3550-162-0-1_S66_L001_R1_001.fastq.gz,data/OG3550P2-209261052/FASTQ_Generation_2020-11-09_21_26_03Z-339796457/3550-162-0-1_L001-ds.8e498a8877ba41a2a63690974f70b176/3550-162-0-1_S66_L001_R2_001.fastq.gz
3550-163-0-1,data/OG3550P2-209261052/FASTQ_Generation_2020-11-09_21_26_03Z-339796457/3550-163-0-1_L001-ds.1467f1d80f974c76ace976f2e3ffb63a/3550-163-0-1_S67_L001_R1_001.fastq.gz,data/OG3550P2-209261052/FASTQ_Generation_2020-11-09_21_26_03Z-339796457/3550-163-0-1_L001-ds.1467f1d80f974c76ace976f2e3ffb63a/3550-163-0-1_S67_L001_R2_001.fastq.gz
3550-164-0-1,data/OG3550P2-209261052/FASTQ_Generation_2020-11-09_21_26_03Z-339796457/3550-164-0-1_L001-ds.f31b482ea34347f489b41f2342f83134/3550-164-0-1_S68_L001_R1_001.fastq.gz,data/OG3550P2-209261052/FASTQ_Generation_2020-11-09_21_26_03Z-339796457/3550-164-0-1_L001-ds.f31b482ea34347f489b41f2342f83134/3550-164-0-1_S68_L001_R2_001.fastq.gz
3550-165-0-1,data/OG3550P2-209261052/FASTQ_Generation_2020-11-09_21_26_03Z-339796457/3550-165-0-1_L001-ds.7f004c6cf15c452baf17ea1915d11690/3550-165-0-1_S69_L001_R1_001.fastq.gz,data/OG3550P2-209261052/FASTQ_Generation_2020-11-09_21_26_03Z-339796457/3550-165-0-1_L001-ds.7f004c6cf15c452baf17ea1915d11690/3550-165-0-1_S69_L001_R2_001.fastq.gz
3550-166-0-1,data/OG3550P2-209261052/FASTQ_Generation_2020-11-09_21_26_03Z-339796457/3550-166-0-1_L001-ds.24bd4047f16f45fdb32ebca3e7a4d3ce/3550-166-0-1_S70_L001_R1_001.fastq.gz,data/OG3550P2-209261052/FASTQ_Generation_2020-11-09_21_26_03Z-339796457/3550-166-0-1_L001-ds.24bd4047f16f45fdb32ebca3e7a4d3ce/3550-166-0-1_S70_L001_R2_001.fastq.gz
3550-167-0-1,data/OG3550P2-209261052/FASTQ_Generation_2020-11-09_21_26_03Z-339796457/3550-167-0-1_L001-ds.c55739a221e444de87574f369bdd3e25/3550-167-0-1_S71_L001_R1_001.fastq.gz,data/OG3550P2-209261052/FASTQ_Generation_2020-11-09_21_26_03Z-339796457/3550-167-0-1_L001-ds.c55739a221e444de87574f369bdd3e25/3550-167-0-1_S71_L001_R2_001.fastq.gz
3550-168-0-1,data/OG3550P2-209261052/FASTQ_Generation_2020-11-09_21_26_03Z-339796457/3550-168-0-1_L001-ds.ac19b18d5f754a359965ecd2d334c92f/3550-168-0-1_S72_L001_R1_001.fastq.gz,data/OG3550P2-209261052/FASTQ_Generation_2020-11-09_21_26_03Z-339796457/3550-168-0-1_L001-ds.ac19b18d5f754a359965ecd2d334c92f/3550-168-0-1_S72_L001_R2_001.fastq.gz
3550-169-0-1,data/OG3550P2-209261052/FASTQ_Generation_2020-11-09_21_26_03Z-339796457/3550-169-0-1_L001-ds.cfb6962d01534e85886bbfd3d3667ff2/3550-169-0-1_S73_L001_R1_001.fastq.gz,data/OG3550P2-209261052/FASTQ_Generation_2020-11-09_21_26_03Z-339796457/3550-169-0-1_L001-ds.cfb6962d01534e85886bbfd3d3667ff2/3550-169-0-1_S73_L001_R2_001.fastq.gz
3550-170-0-1,data/OG3550P2-209261052/FASTQ_Generation_2020-11-09_21_26_03Z-339796457/3550-170-0-1_L001-ds.72233326b08045ffbae3e24fe50875d1/3550-170-0-1_S74_L001_R1_001.fastq.gz,data/OG3550P2-209261052/FASTQ_Generation_2020-11-09_21_26_03Z-339796457/3550-170-0-1_L001-ds.72233326b08045ffbae3e24fe50875d1/3550-170-0-1_S74_L001_R2_001.fastq.gz
3550-171-0-1,data/OG3550P2-209261052/FASTQ_Generation_2020-11-09_21_26_03Z-339796457/3550-171-0-1_L001-ds.58989ea07e5f4decb3720461747cb506/3550-171-0-1_S75_L001_R1_001.fastq.gz,data/OG3550P2-209261052/FASTQ_Generation_2020-11-09_21_26_03Z-339796457/3550-171-0-1_L001-ds.58989ea07e5f4decb3720461747cb506/3550-171-0-1_S75_L001_R2_001.fastq.gz
3550-172-0-1,data/OG3550P2-209261052/FASTQ_Generation_2020-11-09_21_26_03Z-339796457/3550-172-0-1_L001-ds.c70cc59aa8d24ef3a459656d4cf39a8e/3550-172-0-1_S76_L001_R1_001.fastq.gz,data/OG3550P2-209261052/FASTQ_Generation_2020-11-09_21_26_03Z-339796457/3550-172-0-1_L001-ds.c70cc59aa8d24ef3a459656d4cf39a8e/3550-172-0-1_S76_L001_R2_001.fastq.gz
3550-173-0-1,data/OG3550P2-209261052/FASTQ_Generation_2020-11-09_21_26_03Z-339796457/3550-173-0-1_L001-ds.9f070be7a20d48fd9a46edf4baea6020/3550-173-0-1_S77_L001_R1_001.fastq.gz,data/OG3550P2-209261052/FASTQ_Generation_2020-11-09_21_26_03Z-339796457/3550-173-0-1_L001-ds.9f070be7a20d48fd9a46edf4baea6020/3550-173-0-1_S77_L001_R2_001.fastq.gz
3550-174-0-1,data/OG3550P2-209261052/FASTQ_Generation_2020-11-09_21_26_03Z-339796457/3550-174-0-1_L001-ds.b75e52e07acb44cdace6b34715a00ea4/3550-174-0-1_S78_L001_R1_001.fastq.gz,data/OG3550P2-209261052/FASTQ_Generation_2020-11-09_21_26_03Z-339796457/3550-174-0-1_L001-ds.b75e52e07acb44cdace6b34715a00ea4/3550-174-0-1_S78_L001_R2_001.fastq.gz
3550-175-0-1,data/OG3550P2-209261052/FASTQ_Generation_2020-11-09_21_26_03Z-339796457/3550-175-0-1_L001-ds.95a9aba6619144468b98378f60551310/3550-175-0-1_S79_L001_R1_001.fastq.gz,data/OG3550P2-209261052/FASTQ_Generation_2020-11-09_21_26_03Z-339796457/3550-175-0-1_L001-ds.95a9aba6619144468b98378f60551310/3550-175-0-1_S79_L001_R2_001.fastq.gz
3550-176-0-1,data/OG3550P2-209261052/FASTQ_Generation_2020-11-09_21_26_03Z-339796457/3550-176-0-1_L001-ds.ba4d8300b46e4bb19d6d1dfd47741491/3550-176-0-1_S80_L001_R1_001.fastq.gz,data/OG3550P2-209261052/FASTQ_Generation_2020-11-09_21_26_03Z-339796457/3550-176-0-1_L001-ds.ba4d8300b46e4bb19d6d1dfd47741491/3550-176-0-1_S80_L001_R2_001.fastq.gz
3550-177-0-1,data/OG3550P2-209261052/FASTQ_Generation_2020-11-09_21_26_03Z-339796457/3550-177-0-1_L001-ds.3a27e4a06ed34bd090883dcb6d875d1e/3550-177-0-1_S81_L001_R1_001.fastq.gz,data/OG3550P2-209261052/FASTQ_Generation_2020-11-09_21_26_03Z-339796457/3550-177-0-1_L001-ds.3a27e4a06ed34bd090883dcb6d875d1e/3550-177-0-1_S81_L001_R2_001.fastq.gz
3550-178-0-1,data/OG3550P2-209261052/FASTQ_Generation_2020-11-09_21_26_03Z-339796457/3550-178-0-1_L001-ds.79e3f44d1cbe48ec97d4e5386764e941/3550-178-0-1_S82_L001_R1_001.fastq.gz,data/OG3550P2-209261052/FASTQ_Generation_2020-11-09_21_26_03Z-339796457/3550-178-0-1_L001-ds.79e3f44d1cbe48ec97d4e5386764e941/3550-178-0-1_S82_L001_R2_001.fastq.gz
3550-179-0-1,data/OG3550P2-209261052/FASTQ_Generation_2020-11-09_21_26_03Z-339796457/3550-179-0-1_L001-ds.cd5edaa9f6db47ffa33ff1706cb3d2f9/3550-179-0-1_S83_L001_R1_001.fastq.gz,data/OG3550P2-209261052/FASTQ_Generation_2020-11-09_21_26_03Z-339796457/3550-179-0-1_L001-ds.cd5edaa9f6db47ffa33ff1706cb3d2f9/3550-179-0-1_S83_L001_R2_001.fastq.gz
3550-180-0-1,data/OG3550P2-209261052/FASTQ_Generation_2020-11-09_21_26_03Z-339796457/3550-180-0-1_L001-ds.fd430c96ff2144c69e1d3f8a18f57158/3550-180-0-1_S84_L001_R1_001.fastq.gz,data/OG3550P2-209261052/FASTQ_Generation_2020-11-09_21_26_03Z-339796457/3550-180-0-1_L001-ds.fd430c96ff2144c69e1d3f8a18f57158/3550-180-0-1_S84_L001_R2_001.fastq.gz
3550-181-0-1,data/OG3550P2-209261052/FASTQ_Generation_2020-11-09_21_26_03Z-339796457/3550-181-0-1_L001-ds.59ed724b468a49e1918712c036d08139/3550-181-0-1_S85_L001_R1_001.fastq.gz,data/OG3550P2-209261052/FASTQ_Generation_2020-11-09_21_26_03Z-339796457/3550-181-0-1_L001-ds.59ed724b468a49e1918712c036d08139/3550-181-0-1_S85_L001_R2_001.fastq.gz
3550-182-0-1,data/OG3550P2-209261052/FASTQ_Generation_2020-11-09_21_26_03Z-339796457/3550-182-0-1_L001-ds.d711f873fdbf4b278c2c39b127669ef9/3550-182-0-1_S86_L001_R1_001.fastq.gz,data/OG3550P2-209261052/FASTQ_Generation_2020-11-09_21_26_03Z-339796457/3550-182-0-1_L001-ds.d711f873fdbf4b278c2c39b127669ef9/3550-182-0-1_S86_L001_R2_001.fastq.gz
3550-183-0-1,data/OG3550P2-209261052/FASTQ_Generation_2020-11-09_21_26_03Z-339796457/3550-183-0-1_L001-ds.8afc9078f2454e31ba1c50bef0452743/3550-183-0-1_S87_L001_R1_001.fastq.gz,data/OG3550P2-209261052/FASTQ_Generation_2020-11-09_21_26_03Z-339796457/3550-183-0-1_L001-ds.8afc9078f2454e31ba1c50bef0452743/3550-183-0-1_S87_L001_R2_001.fastq.gz
3550-184-0-1,data/OG3550P2-209261052/FASTQ_Generation_2020-11-09_21_26_03Z-339796457/3550-184-0-1_L001-ds.bee40cb0adc14214a1cb362c05dec6e9/3550-184-0-1_S88_L001_R1_001.fastq.gz,data/OG3550P2-209261052/FASTQ_Generation_2020-11-09_21_26_03Z-339796457/3550-184-0-1_L001-ds.bee40cb0adc14214a1cb362c05dec6e9/3550-184-0-1_S88_L001_R2_001.fastq.gz
3550-185-0-1,data/OG3550P2-209261052/FASTQ_Generation_2020-11-09_21_26_03Z-339796457/3550-185-0-1_L001-ds.97a895fbf83641aea5e20f364a9467b1/3550-185-0-1_S89_L001_R1_001.fastq.gz,data/OG3550P2-209261052/FASTQ_Generation_2020-11-09_21_26_03Z-339796457/3550-185-0-1_L001-ds.97a895fbf83641aea5e20f364a9467b1/3550-185-0-1_S89_L001_R2_001.fastq.gz
3550-186-0-1,data/OG3550P2-209261052/FASTQ_Generation_2020-11-09_21_26_03Z-339796457/3550-186-0-1_L001-ds.66d7c91b72dc4996b15fe37521ce0a08/3550-186-0-1_S90_L001_R1_001.fastq.gz,data/OG3550P2-209261052/FASTQ_Generation_2020-11-09_21_26_03Z-339796457/3550-186-0-1_L001-ds.66d7c91b72dc4996b15fe37521ce0a08/3550-186-0-1_S90_L001_R2_001.fastq.gz
3550-187-0-1,data/OG3550P2-209261052/FASTQ_Generation_2020-11-09_21_26_03Z-339796457/3550-187-0-1_L001-ds.06ab5e6a543a44dfb7203402148d6d51/3550-187-0-1_S91_L001_R1_001.fastq.gz,data/OG3550P2-209261052/FASTQ_Generation_2020-11-09_21_26_03Z-339796457/3550-187-0-1_L001-ds.06ab5e6a543a44dfb7203402148d6d51/3550-187-0-1_S91_L001_R2_001.fastq.gz
3550-188-0-1,data/OG3550P2-209261052/FASTQ_Generation_2020-11-09_21_26_03Z-339796457/3550-188-0-1_L001-ds.6af9f6e58fd44dab9ab335eed0168b30/3550-188-0-1_S92_L001_R1_001.fastq.gz,data/OG3550P2-209261052/FASTQ_Generation_2020-11-09_21_26_03Z-339796457/3550-188-0-1_L001-ds.6af9f6e58fd44dab9ab335eed0168b30/3550-188-0-1_S92_L001_R2_001.fastq.gz
3550-189-0-1,data/OG3550P2-209261052/FASTQ_Generation_2020-11-09_21_26_03Z-339796457/3550-189-0-1_L001-ds.80d3dfb390c04632a1c9e78378de77b4/3550-189-0-1_S93_L001_R1_001.fastq.gz,data/OG3550P2-209261052/FASTQ_Generation_2020-11-09_21_26_03Z-339796457/3550-189-0-1_L001-ds.80d3dfb390c04632a1c9e78378de77b4/3550-189-0-1_S93_L001_R2_001.fastq.gz
3550-190-0-1,data/OG3550P2-209261052/FASTQ_Generation_2020-11-09_21_26_03Z-339796457/3550-190-0-1_L001-ds.5ddde068d4a24c2fb254d400fef66dad/3550-190-0-1_S94_L001_R1_001.fastq.gz,data/OG3550P2-209261052/FASTQ_Generation_2020-11-09_21_26_03Z-339796457/3550-190-0-1_L001-ds.5ddde068d4a24c2fb254d400fef66dad/3550-190-0-1_S94_L001_R2_001.fastq.gz
3550-191-0-1,data/OG3550P2-209261052/FASTQ_Generation_2020-11-09_21_26_03Z-339796457/3550-191-0-1_L001-ds.3cd3a1baa00b46f2a06e3560ed17767a/3550-191-0-1_S95_L001_R1_001.fastq.gz,data/OG3550P2-209261052/FASTQ_Generation_2020-11-09_21_26_03Z-339796457/3550-191-0-1_L001-ds.3cd3a1baa00b46f2a06e3560ed17767a/3550-191-0-1_S95_L001_R2_001.fastq.gz
3550-192-0-1,data/OG3550P2-209261052/FASTQ_Generation_2020-11-09_21_26_03Z-339796457/3550-192-0-1_L001-ds.1e341ca813f34300acaab22c82417964/3550-192-0-1_S96_L001_R1_001.fastq.gz,data/OG3550P2-209261052/FASTQ_Generation_2020-11-09_21_26_03Z-339796457/3550-192-0-1_L001-ds.1e341ca813f34300acaab22c82417964/3550-192-0-1_S96_L001_R2_001.fastq.gz
